                  epoch,         train/box_loss,         train/cls_loss,         train/dfl_loss,   metrics/precision(B),      metrics/recall(B),       metrics/mAP50(B),    metrics/mAP50-95(B),           val/box_loss,           val/cls_loss,           val/dfl_loss,                 lr/pg0,                 lr/pg1,                 lr/pg2
                      1,                 1.0392,                 2.7027,                 1.1555,                0.00269,                      1,                  0.995,                0.69308,                0.98135,                 2.9933,                 1.0333,                0.00062,                0.00062,                0.00062
                      2,                0.97385,                 1.6444,                 1.0629,                0.00269,                      1,                0.85231,                0.50769,                 1.3578,                  3.073,                  1.329,              0.0012475,              0.0012475,              0.0012475
                      3,                0.90953,                 1.3966,                 1.0559,                      1,                0.83908,                0.95894,                0.70109,                0.93044,                 1.9569,                 1.0937,              0.0018624,              0.0018624,              0.0018624
                      4,                 0.9791,                 1.2011,                 1.0793,                      1,                0.50982,                0.66928,                0.47447,                 1.2976,                 1.9995,                 1.2139,              0.0019406,              0.0019406,              0.0019406
                      5,                0.93359,                 1.0084,                 1.0349,                0.02329,                    0.2,                 0.0221,                0.00994,                 2.2429,                 3.9297,                  2.101,              0.0019208,              0.0019208,              0.0019208
                      6,                 0.9051,                0.89716,                 1.0501,                0.68742,                    0.8,                0.72306,                0.25869,                 2.4306,                 1.7953,                 1.9643,               0.001901,               0.001901,               0.001901
                      7,                0.89759,                0.76489,                 1.0256,                0.99734,                      1,                  0.995,                0.72681,                0.97016,                0.74204,                 1.0512,              0.0018812,              0.0018812,              0.0018812
                      8,                0.89209,                0.70577,                  1.027,                0.96057,                0.97489,                0.99346,                0.68213,                 1.0773,                0.83346,                 1.0906,              0.0018614,              0.0018614,              0.0018614
                      9,                0.87037,                0.66295,                 1.0128,                0.99554,                      1,                  0.995,                0.74482,                0.92356,                 0.5504,                 1.0213,              0.0018416,              0.0018416,              0.0018416
                     10,                0.81999,                 0.6041,                0.99474,                0.89223,                   0.56,                0.69811,                0.55654,                0.98386,                 1.8079,                 1.1048,              0.0018218,              0.0018218,              0.0018218
                     11,                0.85388,                0.60316,                 1.0056,                0.97939,                      1,                  0.995,                0.75375,                0.84048,                0.54059,                0.99092,               0.001802,               0.001802,               0.001802
                     12,                 0.8404,                0.57645,                0.99253,                0.99124,                   0.92,                0.98418,                0.68752,                  1.224,                 0.6828,                 1.1576,              0.0017822,              0.0017822,              0.0017822
                     13,                0.79044,                0.54045,                0.99321,                0.99367,                      1,                  0.995,                0.71141,                0.99777,                0.45541,                 1.0872,              0.0017624,              0.0017624,              0.0017624
                     14,                0.78532,                0.49733,                0.98053,                0.99097,                      1,                  0.995,                0.77568,                0.86855,                0.45437,                0.99366,              0.0017426,              0.0017426,              0.0017426
                     15,                0.79278,                0.50479,                0.97536,                  0.987,                      1,                  0.995,                0.69365,                  1.118,                0.75671,                  1.161,              0.0017228,              0.0017228,              0.0017228
                     16,                0.76114,                0.49938,                0.97528,                 0.9991,                      1,                  0.995,                0.80569,                0.81466,                0.40259,                 0.9707,               0.001703,               0.001703,               0.001703
                     17,                 0.7944,                0.48193,                0.97215,                0.99764,                      1,                  0.995,                0.73512,                0.96252,                0.41786,                 1.0477,              0.0016832,              0.0016832,              0.0016832
                     18,                0.76515,                0.47047,                0.97165,                0.99658,                      1,                  0.995,                0.77083,                0.87714,                 0.4012,                 0.9714,              0.0016634,              0.0016634,              0.0016634
                     19,                0.74094,                0.44075,                0.95196,                0.99786,                      1,                  0.995,                 0.8273,                0.71796,                0.40485,                0.92011,              0.0016436,              0.0016436,              0.0016436
                     20,                0.78157,                0.45308,                0.97274,                0.99759,                      1,                  0.995,                0.74026,                0.94798,                0.38282,                 1.0378,              0.0016238,              0.0016238,              0.0016238
                     21,                0.72787,                0.44349,                 0.9484,                0.98033,                      1,                  0.995,                0.81407,                0.78083,                0.38643,                0.95372,               0.001604,               0.001604,               0.001604
                     22,                0.73573,                 0.4391,                0.95044,                 0.9977,                      1,                  0.995,                 0.6814,                 1.2147,                0.44404,                 1.2203,              0.0015842,              0.0015842,              0.0015842
                     23,                0.75033,                0.44133,                0.96763,                0.99745,                      1,                  0.995,                0.79337,                0.76324,                0.36981,                0.95451,              0.0015644,              0.0015644,              0.0015644
                     24,                0.77622,                  0.444,                0.96592,                0.99748,                      1,                  0.995,                 0.7288,                0.96754,                0.43438,                 1.0909,              0.0015446,              0.0015446,              0.0015446
                     25,                0.72352,                0.42684,                0.94897,                0.99777,                      1,                  0.995,                0.77014,                0.96017,                0.41371,                 1.0291,              0.0015248,              0.0015248,              0.0015248
                     26,                0.70252,                0.41552,                0.93114,                0.99759,                      1,                  0.995,                0.69046,                 1.2325,                0.47536,                  1.237,               0.001505,               0.001505,               0.001505
                     27,                0.76674,                0.43396,                0.97316,                0.99747,                      1,                  0.995,                0.73307,                 1.1008,                0.41843,                 1.0843,              0.0014852,              0.0014852,              0.0014852
                     28,                0.70836,                0.41011,                0.96227,                0.99755,                      1,                  0.995,                0.77673,                 0.8526,                0.36403,                 0.9889,              0.0014654,              0.0014654,              0.0014654
                     29,                0.69769,                0.39437,                0.93479,                0.99154,                      1,                  0.995,                0.75477,                 0.9997,                0.39356,                 1.0739,              0.0014456,              0.0014456,              0.0014456
                     30,                0.68143,                0.39629,                0.93081,                0.99773,                      1,                  0.995,                0.75346,                 1.0485,                0.39878,                 1.0866,              0.0014258,              0.0014258,              0.0014258
                     31,                 0.7099,                 0.4074,                0.96239,                0.99756,                      1,                  0.995,                0.78339,                0.87133,                0.36676,                0.99301,               0.001406,               0.001406,               0.001406
                     32,                0.71566,                0.40301,                0.95739,                0.98138,                      1,                  0.995,                0.78404,                0.90475,                0.39189,                 1.0202,              0.0013862,              0.0013862,              0.0013862
                     33,                0.73125,                0.41307,                0.95789,                 0.9974,                      1,                  0.995,                0.80813,                0.77007,                0.38488,                0.99169,              0.0013664,              0.0013664,              0.0013664
                     34,                0.70183,                0.40698,                 0.9454,                0.98546,                      1,                  0.995,                0.78983,                 0.8824,                0.40258,                 1.0007,              0.0013466,              0.0013466,              0.0013466
                     35,                0.68319,                0.39644,                0.93228,                0.99692,                      1,                  0.995,                0.77843,                0.91395,                0.39376,                0.99561,              0.0013268,              0.0013268,              0.0013268
                     36,                 0.6716,                0.38919,                0.93192,                 0.9978,                      1,                  0.995,                0.81606,                0.80809,                0.39685,                 0.9563,               0.001307,               0.001307,               0.001307
                     37,                0.68127,                0.38763,                0.94323,                0.99776,                      1,                  0.995,                0.77596,                0.93607,                0.38582,                 1.0712,              0.0012872,              0.0012872,              0.0012872
                     38,                0.67935,                0.36893,                0.93858,                0.99773,                      1,                  0.995,                0.81691,                0.78343,                 0.3557,                0.98612,              0.0012674,              0.0012674,              0.0012674
                     39,                0.66667,                0.37181,                0.93967,                0.99769,                      1,                  0.995,                0.80364,                0.84961,                0.34509,                0.99659,              0.0012476,              0.0012476,              0.0012476
                     40,                0.64843,                0.36354,                0.91669,                0.99773,                      1,                  0.995,                0.79153,                0.91591,                0.37555,                 1.0411,              0.0012278,              0.0012278,              0.0012278
                     41,                0.66816,                0.37846,                0.94195,                0.99774,                      1,                  0.995,                0.69829,                  1.243,                0.41232,                 1.1548,               0.001208,               0.001208,               0.001208
                     42,                0.67365,                0.38007,                0.93104,                0.99759,                      1,                  0.995,                0.76995,                0.99782,                0.38432,                 1.0727,              0.0011882,              0.0011882,              0.0011882
                     43,                 0.6773,                0.37274,                0.93647,                0.99776,                      1,                  0.995,                0.77056,                 1.0205,                0.36562,                 1.1123,              0.0011684,              0.0011684,              0.0011684
                     44,                0.64021,                0.36849,                0.91836,                0.99767,                      1,                  0.995,                0.78053,                0.88283,                0.34503,                  1.055,              0.0011486,              0.0011486,              0.0011486
                     45,                0.64121,                0.35369,                0.92113,                0.99774,                      1,                  0.995,                0.80214,                 0.8339,                0.38047,                 1.0131,              0.0011288,              0.0011288,              0.0011288
                     46,                0.66748,                0.36966,                0.93025,                0.99799,                      1,                  0.995,                0.85432,                0.66602,                0.39423,                0.91493,               0.001109,               0.001109,               0.001109
                     47,                0.64739,                0.35258,                0.92878,                 0.9612,                      1,                  0.995,                0.84543,                0.60739,                0.32294,                0.90069,              0.0010892,              0.0010892,              0.0010892
                     48,                0.63859,                0.35101,                0.90907,                0.99766,                      1,                  0.995,                0.85026,                0.66282,                 0.3018,                 0.9254,              0.0010694,              0.0010694,              0.0010694
                     49,                0.64925,                0.34329,                0.93077,                0.99775,                      1,                  0.995,                0.76042,                0.94699,                0.36105,                 1.0541,              0.0010496,              0.0010496,              0.0010496
                     50,                0.62963,                0.34329,                0.91469,                0.99777,                      1,                  0.995,                0.78629,                0.95804,                0.35151,                 1.0566,              0.0010298,              0.0010298,              0.0010298
                     51,                0.61716,                0.34432,                0.91029,                0.99775,                      1,                  0.995,                0.78976,                0.95273,                0.36162,                 1.0145,                0.00101,                0.00101,                0.00101
                     52,                0.59264,                0.33957,                0.90828,                0.99776,                      1,                  0.995,                0.75447,                 1.0388,                0.39046,                  1.108,              0.0009902,              0.0009902,              0.0009902
                     53,                0.62465,                0.35927,                0.91358,                0.99557,                      1,                  0.995,                0.75283,                 1.0579,                0.37325,                 1.1127,              0.0009704,              0.0009704,              0.0009704
                     54,                 0.5994,                0.33141,                0.89694,                0.99773,                      1,                  0.995,                0.68476,                 1.2123,                0.39901,                 1.2089,              0.0009506,              0.0009506,              0.0009506
                     55,                0.60369,                0.33178,                0.90686,                0.99776,                      1,                  0.995,                0.83043,                0.74741,                0.31862,                0.95447,              0.0009308,              0.0009308,              0.0009308
                     56,                0.63351,                0.33718,                0.90559,                 0.9977,                      1,                  0.995,                0.86737,                0.66329,                0.28565,                0.91464,               0.000911,               0.000911,               0.000911
                     57,                0.60937,                0.34017,                0.91061,                0.99773,                      1,                  0.995,                0.79324,                0.86498,                0.32822,                 1.0231,              0.0008912,              0.0008912,              0.0008912
                     58,                 0.5753,                0.31169,                0.89286,                0.99778,                      1,                  0.995,                0.77896,                0.88292,                 0.3236,                 1.0555,              0.0008714,              0.0008714,              0.0008714
                     59,                0.58255,                0.32792,                0.90383,                0.99779,                      1,                  0.995,                0.83103,                0.77112,                0.30631,                 0.9555,              0.0008516,              0.0008516,              0.0008516
                     60,                0.57995,                0.33333,                0.90089,                0.99774,                      1,                  0.995,                0.75357,                  1.087,                  0.372,                 1.1277,              0.0008318,              0.0008318,              0.0008318
                     61,                 0.5399,                0.30528,                 0.8947,                 0.9978,                      1,                  0.995,                0.80016,                0.82602,                0.31453,                0.96453,               0.000812,               0.000812,               0.000812
                     62,                0.55634,                0.32046,                0.89887,                0.99773,                      1,                  0.995,                 0.8669,                0.76067,                0.30257,                0.95716,              0.0007922,              0.0007922,              0.0007922
                     63,                0.57584,                0.31697,                0.89888,                 0.9978,                      1,                  0.995,                 0.8502,                0.76505,                0.32536,                0.97028,              0.0007724,              0.0007724,              0.0007724
                     64,                0.55835,                0.29737,                0.89105,                0.99781,                      1,                  0.995,                0.83317,                0.76314,                0.30128,                 0.9759,              0.0007526,              0.0007526,              0.0007526
                     65,                0.57429,                0.31112,                0.89421,                0.99774,                      1,                  0.995,                 0.8452,                0.70689,                0.30465,                0.91497,              0.0007328,              0.0007328,              0.0007328
                     66,                0.56243,                0.30368,                0.89086,                0.99774,                      1,                  0.995,                0.83642,                0.70887,                0.29873,                 0.9749,               0.000713,               0.000713,               0.000713
                     67,                0.57266,                 0.3146,                0.88605,                0.99776,                      1,                  0.995,                0.81881,                0.80346,                0.31279,                 1.0185,              0.0006932,              0.0006932,              0.0006932
                     68,                0.56147,                0.30915,                0.89543,                 0.9978,                      1,                  0.995,                0.77181,                 0.9382,                0.34179,                 1.0344,              0.0006734,              0.0006734,              0.0006734
                     69,                0.53896,                0.29899,                0.88624,                0.99779,                      1,                  0.995,                0.79644,                0.77951,                0.30528,                0.97785,              0.0006536,              0.0006536,              0.0006536
                     70,                0.54228,                0.29733,                0.88612,                0.99781,                      1,                  0.995,                0.81749,                0.74449,                 0.2836,                0.96255,              0.0006338,              0.0006338,              0.0006338
                     71,                0.54628,                0.29848,                0.89002,                0.99781,                      1,                  0.995,                0.82562,                0.74047,                 0.2945,                0.95728,               0.000614,               0.000614,               0.000614
                     72,                0.54425,                0.29902,                0.89148,                 0.9978,                      1,                  0.995,                0.86398,                0.70006,                0.28269,                0.94658,              0.0005942,              0.0005942,              0.0005942
                     73,                0.53506,                0.29826,                0.88114,                0.99784,                      1,                  0.995,                 0.7641,                 0.9772,                0.36242,                 1.0962,              0.0005744,              0.0005744,              0.0005744
                     74,                0.52237,                0.28968,                0.87849,                0.99778,                      1,                  0.995,                0.81314,                0.80818,                0.31397,                0.99396,              0.0005546,              0.0005546,              0.0005546
                     75,                 0.5255,                0.29583,                0.88084,                0.99782,                      1,                  0.995,                0.84935,                0.68218,                0.27534,                0.91999,              0.0005348,              0.0005348,              0.0005348
                     76,                0.51301,                0.28458,                0.87683,                0.99781,                      1,                  0.995,                0.84116,                0.67419,                0.27931,                0.91078,               0.000515,               0.000515,               0.000515
                     77,                0.53027,                0.29077,                0.89068,                0.99782,                      1,                  0.995,                0.87248,                0.62665,                0.27529,                0.89863,              0.0004952,              0.0004952,              0.0004952
                     78,                0.51909,                0.28957,                0.88081,                 0.9978,                      1,                  0.995,                0.84031,                0.68152,                0.26908,                0.92527,              0.0004754,              0.0004754,              0.0004754
                     79,                0.51515,                0.29478,                0.88446,                0.99778,                      1,                  0.995,                0.84295,                0.74792,                0.30447,                0.96826,              0.0004556,              0.0004556,              0.0004556
                     80,                  0.511,                0.27417,                0.88639,                0.99783,                      1,                  0.995,                0.81504,                0.79803,                0.30927,                 1.0158,              0.0004358,              0.0004358,              0.0004358
                     81,                0.46617,                 0.2632,                0.86662,                0.99782,                      1,                  0.995,                0.83074,                0.76988,                0.29818,                 0.9708,               0.000416,               0.000416,               0.000416
                     82,                0.49203,                0.27505,                0.87478,                0.99787,                      1,                  0.995,                0.85637,                0.67255,                0.27573,                0.91604,              0.0003962,              0.0003962,              0.0003962
                     83,                0.48534,                0.27918,                0.86851,                0.99782,                      1,                  0.995,                0.86909,                0.67146,                0.26246,                0.93647,              0.0003764,              0.0003764,              0.0003764
                     84,                0.48857,                0.27513,                0.87591,                0.99772,                      1,                  0.995,                0.86118,                 0.7025,                0.26099,                0.96857,              0.0003566,              0.0003566,              0.0003566
                     85,                0.49979,                0.26904,                0.86771,                0.99781,                      1,                  0.995,                0.87326,                0.68449,                0.25754,                 0.9466,              0.0003368,              0.0003368,              0.0003368
                     86,                0.47777,                0.26654,                0.87437,                0.99783,                      1,                  0.995,                0.87042,                0.66446,                0.25811,                0.94281,               0.000317,               0.000317,               0.000317
                     87,                0.46286,                0.25521,                 0.8645,                0.99785,                      1,                  0.995,                0.87507,                0.65514,                0.27197,                0.93092,              0.0002972,              0.0002972,              0.0002972
                     88,                0.47916,                0.25874,                0.85727,                0.99785,                      1,                  0.995,                0.87483,                0.64434,                 0.2664,                0.92088,              0.0002774,              0.0002774,              0.0002774
                     89,                0.47257,                0.25495,                0.85507,                0.99787,                      1,                  0.995,                0.86617,                0.66632,                0.27951,                  0.941,              0.0002576,              0.0002576,              0.0002576
                     90,                 0.4626,                0.25968,                0.86394,                 0.9979,                      1,                  0.995,                0.87721,                0.64372,                0.25937,                0.92806,              0.0002378,              0.0002378,              0.0002378
                     91,                0.42157,                0.21291,                0.82058,                0.99788,                      1,                  0.995,                0.86451,                 0.6868,                0.26895,                 0.9395,               0.000218,               0.000218,               0.000218
                     92,                 0.3925,                 0.2069,                0.80876,                0.99783,                      1,                  0.995,                0.86824,                  0.661,                0.25898,                0.94026,              0.0001982,              0.0001982,              0.0001982
                     93,                0.39229,                0.20718,                0.81815,                0.99783,                      1,                  0.995,                0.87066,                0.64032,                0.25143,                0.92604,              0.0001784,              0.0001784,              0.0001784
                     94,                0.39082,                 0.2113,                0.82127,                0.99787,                      1,                  0.995,                0.86801,                0.64978,                0.26462,                0.92157,              0.0001586,              0.0001586,              0.0001586
                     95,                0.37686,                0.19661,                0.82011,                0.99786,                      1,                  0.995,                0.87632,                0.64564,                0.26178,                0.91928,              0.0001388,              0.0001388,              0.0001388
                     96,                0.38076,                0.19865,                0.82026,                0.99786,                      1,                  0.995,                 0.8558,                0.69358,                0.27034,                0.93899,               0.000119,               0.000119,               0.000119
                     97,                0.36889,                0.19391,                0.81336,                0.99785,                      1,                  0.995,                0.87452,                0.62072,                0.26255,                0.91274,               9.92e-05,               9.92e-05,               9.92e-05
                     98,                0.36962,                0.19606,                0.80745,                0.99788,                      1,                  0.995,                0.87586,                0.61461,                0.26696,                0.90293,               7.94e-05,               7.94e-05,               7.94e-05
                     99,                0.36437,                0.18963,                0.80791,                0.99789,                      1,                  0.995,                0.86841,                0.64634,                0.26573,                0.91243,               5.96e-05,               5.96e-05,               5.96e-05
                    100,                0.38158,                0.19192,                0.81663,                0.99787,                      1,                  0.995,                0.88171,                0.63615,                0.26485,                0.90844,               3.98e-05,               3.98e-05,               3.98e-05
